PLAYER_ID,PLAYER_NAME,TEAM_NAME,COUNTRY,SEASON_EXP,DRAFT_NUMBER,GP,MIN,PTS,REB,AST,STL,BLK,SALARY,GAME_DATE,BIRTHDATE,HEIGHT,WEIGHT,AGE,POSITION
1630173,Precious Achiuwa,Raptors,Nigeria,1,20,134,18.4,7.2,5.1,0.8,0.4,0.5,2711280,,1999-09-19,203,102.0,"Years=22,Months=8,Days=20",Forward
203500,Steven Adams,Grizzlies,New Zealand,8,12,664,26.8,9.3,8.0,1.5,0.9,0.9,17073171,2022-05-03,1993-07-20,210,120.0,"Years=28,Months=10,Days=21",Center
1628389,Bam Adebayo,Heat,USA,4,14,343,28.2,13.5,8.3,3.5,1.0,0.9,28103550,2022-05-04,1997-07-18,205,115.0,"Years=24,Months=10,Days=22",Center
1630583,Santi Aldama,Grizzlies,Spain,0,30,32,11.2,4.1,2.7,0.7,0.2,0.3,1994520,2022-05-03,2001-01-10,210,97.0,"Years=21,Months=4,Days=28",Forward
200746,LaMarcus Aldridge,Nets,USA,15,2,1076,33.7,19.1,8.1,1.9,0.7,1.1,2641691,,1985-07-19,210,113.0,"Years=36,Months=10,Days=24",Center
1629638,Nickeil Alexander-Walker,Jazz,Canada,2,17,158,19.4,9.3,2.6,2.2,0.7,0.3,3261480,,1998-09-02,195,92.0,"Years=23,Months=9,Days=6",Guard
1628960,Grayson Allen,Bucks,USA,3,21,192,21.9,9.4,2.6,1.5,0.6,0.2,4054695,2022-05-03,1995-10-08,193,89.0,"Years=26,Months=8,Days=2",Guard
1628386,Jarrett Allen,Cavaliers,USA,4,22,341,26.6,11.6,8.7,1.4,0.5,1.4,20000000,,1998-04-21,208,110.0,"Years=24,Months=1,Days=18",Center
1630631,Jose Alvarado,Pelicans,USA,0,-1,54,15.4,6.1,1.9,2.8,1.3,0.1,1500000,,1998-04-12,182,81.0,"Years=24,Months=1,Days=27",Guard
203937,Kyle Anderson,Grizzlies,USA,7,30,505,21.0,6.7,4.4,2.3,1.0,0.6,9937150,2022-05-03,1993-09-20,205,104.0,"Years=28,Months=8,Days=20",Forward
203507,Giannis Antetokounmpo,Bucks,Greece,8,15,656,32.6,21.8,9.4,4.6,1.2,1.3,39344970,2022-05-03,1994-12-06,210,109.0,"Years=27,Months=6,Days=4",Forward
203648,Thanasis Antetokounmpo,Bucks,Greece,3,51,127,9.1,3.1,2.0,0.7,0.4,0.2,1729217,2022-05-03,1992-07-18,198,99.0,"Years=29,Months=10,Days=23",Forward
2546,Carmelo Anthony,Lakers,USA,18,3,1260,34.5,22.5,6.2,2.7,1.0,0.5,2641691,,1984-05-29,200,107.0,"Years=37,Months=12,Days=14",Forward
1630175,Cole Anthony,Magic,USA,1,15,112,29.8,14.9,5.1,5.0,0.7,0.3,3449400,,2000-05-15,190,83.0,"Years=21,Months=12,Days=24",Guard
1628384,OG Anunoby,Raptors,United Kingdom,4,23,301,26.8,10.4,4.1,1.4,1.1,0.5,16071429,,1997-07-17,200,105.0,"Years=24,Months=10,Days=23",Forward
1627853,Ryan Arcidiacono,Bulls,USA,4,-1,217,17.2,4.6,2.0,2.1,0.5,0.0,586136,,1994-03-26,190,88.0,"Years=28,Months=2,Days=14",Guard
201571,D.J. Augustin,Lakers,USA,13,9,976,23.4,9.5,1.8,3.9,0.6,0.0,7622467,,1987-11-10,180,83.0,"Years=34,Months=7,Days=2",Guard
1630166,Deni Avdija,Wizards,Israel,1,9,136,23.8,7.6,5.1,1.7,0.7,0.4,4692840,,2001-01-03,205,95.0,"Years=21,Months=5,Days=5",Forward
1629028,Deandre Ayton,Suns,Bahamas,3,1,236,30.7,16.3,10.5,1.6,0.7,1.0,12632950,2022-05-04,1998-07-23,210,113.0,"Years=23,Months=10,Days=17",Center
1628962,Udoka Azubuike,Jazz,Nigeria,1,27,32,7.9,3.0,2.6,0.0,0.1,0.5,2075880,,1999-09-17,213,122.0,"Years=22,Months=8,Days=22",Center
1628963,Marvin Bagley III,Pistons,USA,3,2,166,25.1,13.6,7.4,0.9,0.5,0.7,11312114,,1999-03-14,210,106.0,"Years=23,Months=2,Days=25",Forward
1630163,LaMelo Ball,Hornets,USA,1,3,126,30.9,18.3,6.4,7.0,1.6,0.4,8231760,,2001-08-22,200,81.0,"Years=20,Months=9,Days=16",Guard
1628366,Lonzo Ball,Bulls,USA,4,2,252,32.5,11.9,5.7,6.2,1.6,0.6,18604651,,1997-10-27,198,86.0,"Years=24,Months=7,Days=13",Guard
1628964,Mo Bamba,Magic,USA,3,6,226,18.6,7.7,6.1,0.9,0.4,1.4,7568742,,1998-05-12,213,104.0,"Years=23,Months=12,Days=28",Center
1630217,Desmond Bane,Grizzlies,USA,1,30,144,26.3,14.0,3.8,2.3,0.9,0.3,2033160,2022-05-03,1998-06-25,195,97.0,"Years=23,Months=11,Days=14",Guard
1630625,Dalano Banton,Raptors,Canada,0,46,64,10.9,3.2,1.9,1.5,0.4,0.2,925258,,1999-11-07,200,92.0,"Years=22,Months=7,Days=2",Forward
203084,Harrison Barnes,Kings,USA,9,7,747,31.8,14.1,5.1,1.8,0.7,0.2,20284091,,1992-05-30,203,102.0,"Years=29,Months=12,Days=11",Forward
1630567,Scottie Barnes,Raptors,USA,0,4,74,35.4,15.3,7.5,3.5,1.1,0.7,7280520,,2001-08-01,200,102.0,"Years=20,Months=10,Days=7",Forward
1629628,RJ Barrett,Knicks,Canada,2,3,198,33.5,17.5,5.6,2.9,0.8,0.3,8623920,,2000-06-14,198,97.0,"Years=21,Months=11,Days=24",Forward
203115,Will Barton,Nuggets,USA,9,40,623,25.9,11.6,4.3,2.7,0.8,0.4,15384615,,1991-01-06,195,82.0,"Years=31,Months=5,Days=5",Guard
1629646,Charles Bassey,76ers,Nigeria,0,53,23,7.3,3.0,2.7,0.3,0.2,0.7,925258,2022-05-04,2000-10-28,205,104.0,"Years=21,Months=7,Days=11",Center
1628966,Keita Bates-Diop,Spurs,USA,3,48,163,15.0,5.2,3.0,0.6,0.5,0.3,1729217,,1996-01-23,203,103.0,"Years=26,Months=4,Days=17",Forward
201587,Nicolas Batum,Clippers,France,13,25,915,30.6,11.1,5.1,3.5,1.0,0.6,12213507,,1988-12-14,203,104.0,"Years=33,Months=5,Days=28",Guard
203145,Kent Bazemore,Lakers,USA,9,-1,657,20.6,8.2,3.2,1.8,1.0,0.5,2401537,,1989-07-01,193,88.0,"Years=32,Months=11,Days=10",Guard
1629647,Darius Bazley,Thunder,USA,2,23,185,25.8,10.0,5.8,1.3,0.6,0.7,2513040,,2000-06-12,203,94.0,"Years=21,Months=11,Days=26",Forward
203078,Bradley Beal,Wizards,USA,9,3,645,34.8,22.1,4.1,4.2,1.1,0.4,34502130,,1993-06-28,193,93.0,"Years=28,Months=11,Days=12",Guard
1627736,Malik Beasley,Timberwolves,USA,5,19,336,20.9,10.4,2.5,1.2,0.6,0.1,14391964,,1996-11-26,193,84.0,"Years=25,Months=6,Days=13",Guard
202722,Davis Bertans,Mavericks,Latvia,5,42,387,19.1,8.2,2.7,1.0,0.4,0.4,16000000,2022-05-04,1992-11-12,208,102.0,"Years=29,Months=6,Days=28",Forward
201976,Patrick Beverley,Timberwolves,USA,9,42,526,27.4,8.8,4.3,3.5,1.1,0.5,14320988,,1988-07-12,185,81.0,"Years=33,Months=10,Days=30",Guard
1630180,Saddiq Bey,Pistons,USA,1,19,152,30.4,14.3,5.0,2.2,0.8,0.2,2824320,,1999-04-09,200,97.0,"Years=23,Months=1,Days=30",Forward
203920,Khem Birch,Raptors,Canada,4,-1,262,17.8,5.2,4.6,1.0,0.5,0.6,6350000,,1992-09-28,205,105.0,"Years=29,Months=8,Days=12",Center
1629048,Goga Bitadze,Pacers,Georgia,2,18,149,11.8,5.0,2.9,0.8,0.3,0.9,3098400,,1999-07-20,213,113.0,"Years=22,Months=10,Days=20",Center
202687,Bismack Biyombo,Suns,DRC,10,7,738,19.9,5.2,6.1,0.6,0.3,1.3,1366392,2022-05-04,1992-08-28,203,115.0,"Years=29,Months=9,Days=12",Center
202357,Nemanja Bjelica,Warriors,Serbia,6,35,449,20.4,7.6,4.6,1.8,0.6,0.4,2089448,2022-05-03,1988-05-09,205,106.0,"Years=34,Months=1,Days=2",Forward
202339,Eric Bledsoe,Trail Blazers,USA,11,18,756,27.8,13.7,3.9,4.7,1.4,0.5,18125000,,1989-12-09,185,97.0,"Years=32,Months=6,Days=2",Guard
203992,Bogdan Bogdanovic,Hawks,Serbia,4,27,316,28.6,14.2,3.4,3.4,1.0,0.2,18000000,,1992-08-18,198,102.0,"Years=29,Months=9,Days=22",Guard
202711,Bojan Bogdanovic,Jazz,Croatia,7,31,603,29.1,15.0,3.6,1.6,0.6,0.1,18700000,,1989-04-18,200,102.0,"Years=33,Months=1,Days=23",Forward
1629626,Bol Bol,Magic,Sudan,2,44,53,6.2,2.7,1.2,0.3,0.1,0.3,2161152,,1999-11-16,218,99.0,"Years=22,Months=6,Days=23",Center
1630195,Leandro Bolmaro,Timberwolves,Argentina,0,23,35,6.9,1.4,1.2,0.6,0.2,0.0,2353320,,2000-09-11,198,90.0,"Years=21,Months=8,Days=27",Forward
1629067,Isaac Bonga,Raptors,Germany,3,39,143,13.1,3.1,2.2,0.8,0.5,0.3,1729217,,1999-11-08,203,81.0,"Years=22,Months=7,Days=1",Guard
1626164,Devin Booker,Suns,USA,6,13,477,33.7,23.5,3.9,4.7,0.8,0.3,31610000,2022-05-04,1996-10-30,195,93.0,"Years=25,Months=7,Days=10",Guard
1630527,Brandon Boston Jr.,Clippers,USA,0,51,51,14.9,6.7,2.2,1.0,0.5,0.3,925258,,2001-11-28,198,85.0,"Years=20,Months=6,Days=10",Guard
1628449,Chris Boucher,Raptors,Saint Lucia,4,-1,231,17.9,9.0,5.3,0.5,0.5,1.2,7009615,,1993-01-11,205,90.0,"Years=29,Months=4,Days=29",Forward
1630547,James Bouknight,Hornets,USA,0,11,31,9.8,4.6,1.7,0.8,0.2,0.0,4154400,,2000-09-18,193,86.0,"Years=21,Months=8,Days=20",Guard
202340,Avery Bradley,Lakers,USA,11,19,660,27.5,11.0,2.8,1.7,1.0,0.2,2641691,,1990-11-26,190,81.0,"Years=31,Months=6,Days=15",Guard
1628396,Tony Bradley,Bulls,USA,4,28,167,11.7,4.6,4.3,0.5,0.2,0.6,1789256,,1998-01-08,208,112.0,"Years=24,Months=5,Days=1",Center
1628969,Mikal Bridges,Suns,USA,3,10,309,31.3,11.3,3.9,2.1,1.3,0.6,5557725,2022-05-04,1996-08-30,198,94.0,"Years=25,Months=9,Days=9",Forward
1628970,Miles Bridges,Hornets,USA,3,12,291,29.1,13.4,5.6,2.3,0.7,0.7,5421493,,1998-03-21,200,102.0,"Years=24,Months=2,Days=18",Forward
1629052,Oshae Brissett,Pacers,Canada,2,-1,107,20.7,8.2,4.7,0.9,0.6,0.5,1701593,,1998-06-20,200,95.0,"Years=23,Months=11,Days=19",Forward
1627763,Malcolm Brogdon,Pacers,USA,5,36,333,30.2,15.5,4.2,4.8,0.9,0.2,21700000,,1992-12-11,195,103.0,"Years=29,Months=5,Days=30",Guard
1629717,Armoni Brooks,Raptors,USA,1,0,74,18.4,6.9,2.3,1.2,0.5,0.2,1625991,,1998-06-05,190,88.0,"Years=23,Months=12,Days=4",Guard
1628415,Dillon Brooks,Grizzlies,Canada,4,45,272,28.2,14.5,3.0,2.0,1.0,0.3,12200000,2022-05-03,1996-01-22,200,102.0,"Years=26,Months=4,Days=18",Guard
1628971,Bruce Brown,Nets,USA,3,42,269,23.5,7.6,4.3,2.1,0.9,0.5,4736102,,1996-08-15,193,91.0,"Years=25,Months=9,Days=24",Guard
1627759,Jaylen Brown,Celtics,USA,5,3,403,28.7,16.5,4.9,2.0,0.9,0.4,24830357,2022-05-03,1996-10-24,198,101.0,"Years=25,Months=7,Days=16",Guard
1629650,Moses Brown,Cavaliers,USA,2,-1,92,14.1,6.0,5.8,0.1,0.4,0.7,1720779,,1999-10-13,218,111.0,"Years=22,Months=7,Days=27",Center
1628425,Sterling Brown,Mavericks,USA,4,46,264,16.8,5.4,3.3,1.0,0.5,0.2,3000000,2022-05-04,1995-02-10,195,99.0,"Years=27,Months=3,Days=30",Guard
1630535,Greg Brown III,Trail Blazers,USA,0,43,48,13.3,4.7,2.8,0.7,0.5,0.5,925258,,2001-09-01,200,93.0,"Years=20,Months=9,Days=6",Forward
1628972,Troy Brown Jr.,Bulls,USA,3,15,221,18.5,6.4,3.8,1.6,0.7,0.1,5170564,,1999-07-28,198,97.0,"Years=22,Months=10,Days=12",Guard
1628973,Jalen Brunson,Mavericks,USA,3,33,277,24.7,11.9,3.0,3.7,0.6,0.0,1802057,2022-05-04,1996-08-31,185,86.0,"Years=25,Months=9,Days=8",Guard
1628418,Thomas Bryant,Wizards,USA,4,42,170,20.1,10.2,5.7,1.3,0.4,0.9,8730159,,1997-07-31,208,112.0,"Years=24,Months=10,Days=9",Center
203493,Reggie Bullock,Mavericks,USA,8,25,434,22.5,7.8,2.5,1.2,0.6,0.1,9536000,2022-05-04,1991-03-16,198,92.0,"Years=31,Months=2,Days=25",Guard
203504,Trey Burke,Mavericks,USA,8,9,498,20.9,9.6,1.8,3.1,0.6,0.1,3333333,2022-05-04,1992-11-12,182,83.0,"Years=29,Months=6,Days=28",Guard
202692,Alec Burks,Knicks,USA,10,12,625,23.0,10.6,3.5,2.0,0.7,0.2,9536000,,1991-07-20,198,97.0,"Years=30,Months=10,Days=22",Guard
1630215,Jared Butler,Jazz,USA,0,40,42,8.6,3.8,1.1,1.5,0.4,0.2,925258,,2000-08-25,190,87.0,"Years=21,Months=9,Days=13",Guard
202710,Jimmy Butler,Heat,USA,10,30,690,33.1,17.7,5.3,4.1,1.6,0.5,36016200,2022-05-04,1989-09-14,200,104.0,"Years=32,Months=8,Days=27",Forward
1629719,Devontae Cacok,Spurs,USA,2,-1,36,6.3,2.5,2.2,0.2,0.4,0.3,364533,,1996-10-08,200,108.0,"Years=25,Months=8,Days=1",Forward
203484,Kentavious Caldwell-Pope,Wizards,USA,8,8,683,29.2,11.6,3.1,1.7,1.1,0.2,13038862,,1993-02-18,195,92.0,"Years=29,Months=3,Days=22",Guard
1630267,Facundo Campazzo,Nuggets,Argentina,1,-1,130,20.1,5.6,1.9,3.5,1.1,0.3,3804150,,1991-03-23,177,88.0,"Years=31,Months=2,Days=18",Guard
1628427,Vlatko Cancar,Nuggets,Slovenia,2,49,70,7.2,2.3,1.3,0.5,0.2,0.1,1782621,,1997-04-10,203,107.0,"Years=25,Months=1,Days=29",Forward
1629962,Devin Cannady,Magic,USA,1,0,13,16.8,6.5,0.8,0.8,0.8,0.3,100000,,1996-05-21,187,83.0,"Years=25,Months=12,Days=19",Guard
203991,Clint Capela,Hawks,Switzerland,7,25,471,26.8,12.4,10.7,1.0,0.7,1.5,17103448,,1994-05-18,208,116.0,"Years=27,Months=12,Days=23",Center
1630176,Vernon Carey Jr.,Wizards,USA,1,32,26,6.1,2.5,1.5,0.1,0.1,0.2,1517981,,2001-02-25,205,122.0,"Years=21,Months=3,Days=13",Forward
1628975,Jevon Carter,Bucks,USA,3,32,223,14.1,4.4,1.7,1.4,0.6,0.2,4107149,2022-05-03,1995-09-14,185,90.0,"Years=26,Months=8,Days=26",Guard
1628976,Wendell Carter Jr.,Magic,USA,3,7,203,27.5,12.2,8.9,2.0,0.6,0.9,6920027,,1999-04-16,208,122.0,"Years=23,Months=1,Days=23",Center
1627936,Alex Caruso,Bulls,USA,4,-1,225,20.6,6.2,2.5,2.7,1.1,0.3,8604651,,1994-02-28,195,84.0,"Years=28,Months=3,Days=12",Guard
1627737,Marquese Chriss,Mavericks,USA,5,8,292,18.3,7.6,4.7,1.0,0.6,0.8,958529,2022-05-04,1997-07-02,205,108.0,"Years=24,Months=11,Days=7",Forward
1630528,Josh Christopher,Rockets,USA,0,24,74,18.0,7.9,2.5,2.0,0.9,0.2,2259240,,2001-12-08,190,97.0,"Years=20,Months=5,Days=31",Guard
1629109,Gary Clark,Pelicans,USA,3,-1,170,13.2,3.1,2.5,0.5,0.3,0.4,377645,,1994-11-16,198,102.0,"Years=27,Months=6,Days=24",Forward
1629634,Brandon Clarke,Grizzlies,Canada,2,21,181,21.9,10.9,5.6,1.4,0.7,0.9,2726880,2022-05-03,1996-09-19,203,97.0,"Years=25,Months=8,Days=20",Forward
203903,Jordan Clarkson,Jazz,USA,7,46,600,27.0,15.4,3.3,2.5,0.9,0.1,12420000,,1992-06-07,193,87.0,"Years=29,Months=12,Days=3",Guard
1629651,Nic Claxton,Nets,USA,2,31,94,18.7,7.3,5.0,0.9,0.5,1.1,1782621,,1999-04-17,210,97.0,"Years=23,Months=1,Days=22",Forward
1629599,Amir Coffey,Clippers,USA,2,-1,131,16.2,6.2,2.0,1.2,0.4,0.1,153488,,1997-06-17,200,95.0,"Years=24,Months=11,Days=22",Guard
1628381,John Collins,Hawks,USA,4,19,293,29.0,16.5,8.3,1.6,0.6,1.0,23000000,,1997-09-23,205,102.0,"Years=24,Months=8,Days=16",Forward
1628380,Zach Collins,Spurs,USA,3,10,182,17.5,6.0,4.2,1.1,0.3,0.7,6984127,,1997-11-19,210,113.0,"Years=24,Months=6,Days=20",Forward
201144,Mike Conley,Jazz,USA,14,4,958,32.0,14.8,3.0,5.6,1.4,0.2,21000000,,1987-10-11,185,79.0,"Years=34,Months=8,Days=1",Guard
1626192,Pat Connaughton,Bucks,USA,6,41,417,18.5,5.9,3.3,1.2,0.5,0.3,5333333,2022-05-03,1993-01-06,195,94.0,"Years=29,Months=5,Days=4",Guard
202326,DeMarcus Cousins,Nuggets,USA,10,5,654,29.8,19.6,10.2,3.0,1.3,1.1,1290481,,1990-08-13,208,122.0,"Years=31,Months=9,Days=28",Center
203496,Robert Covington,Clippers,USA,8,-1,537,29.9,11.6,5.8,1.5,1.6,1.0,12975471,,1990-12-14,200,94.0,"Years=31,Months=5,Days=28",Forward
1628470,Torrey Craig,Suns,USA,4,-1,300,18.7,5.7,3.6,0.9,0.5,0.5,4878049,2022-05-04,1990-12-19,200,100.0,"Years=31,Months=5,Days=23",Forward
203109,Jae Crowder,Suns,USA,9,34,735,25.3,9.6,4.3,1.6,1.0,0.3,9720900,2022-05-04,1990-07-06,198,106.0,"Years=31,Months=11,Days=5",Forward
1629633,Jarrett Culver,Grizzlies,USA,2,6,134,17.5,6.6,2.7,1.2,0.7,0.4,6395160,2022-05-03,1999-02-20,198,88.0,"Years=23,Months=3,Days=19",Guard
1630595,Cade Cunningham,Pistons,USA,0,1,64,32.6,17.4,5.5,5.6,1.2,0.7,10050120,,2001-09-25,198,99.0,"Years=20,Months=8,Days=13",Guard
203552,Seth Curry,Nets,USA,7,-1,377,25.2,11.3,2.2,2.2,0.7,0.1,8186047,,1990-08-23,187,83.0,"Years=31,Months=9,Days=18",Guard
201939,Stephen Curry,Warriors,USA,12,7,826,34.3,24.3,4.6,6.5,1.7,0.2,45780966,2022-05-03,1988-03-14,187,83.0,"Years=34,Months=2,Days=27",Guard
203076,Anthony Davis,Lakers,USA,9,1,604,34.4,23.8,10.2,2.3,1.4,2.3,35361360,,1993-03-11,208,114.0,"Years=29,Months=3,Days=1",Forward
202334,Ed Davis,Cavaliers,USA,11,13,722,19.1,5.9,6.4,0.7,0.5,0.8,2641691,,1989-06-05,205,98.0,"Years=32,Months=12,Days=6",Center
1629056,Terence Davis,Kings,USA,2,-1,163,17.3,8.5,3.0,1.5,0.7,0.2,4000000,,1997-05-16,193,91.0,"Years=24,Months=12,Days=24",Guard
201942,DeMar DeRozan,Bulls,USA,12,9,957,34.3,20.8,4.4,3.9,1.0,0.3,26000000,,1989-08-07,198,99.0,"Years=32,Months=10,Days=4",Guard
203473,Dewayne Dedmon,Heat,USA,8,-1,477,17.8,6.4,5.9,0.7,0.5,0.8,5256308,2022-05-04,1989-08-12,213,111.0,"Years=32,Months=9,Days=29",Center
1628978,Donte DiVincenzo,Kings,USA,3,17,201,23.6,9.0,4.6,2.5,1.1,0.2,4675830,,1997-01-31,193,92.0,"Years=25,Months=4,Days=8",Guard
1628977,Hamidou Diallo,Pistons,USA,3,45,207,18.9,8.4,3.9,1.1,0.8,0.3,5200000,,1998-07-31,195,91.0,"Years=23,Months=10,Days=9",Guard
203476,Gorgui Dieng,Hawks,Senegal,8,21,597,20.6,7.5,5.7,1.3,0.8,0.9,4000000,,1990-01-18,208,112.0,"Years=32,Months=4,Days=23",Center
203915,Spencer Dinwiddie,Mavericks,USA,7,38,387,26.4,13.0,3.0,5.0,0.7,0.3,17142857,2022-05-04,1993-04-06,198,97.0,"Years=29,Months=2,Days=3",Guard
1629029,Luka Doncic,Mavericks,Slovenia,3,3,264,33.8,26.4,8.5,8.0,1.1,0.4,10174391,2022-05-04,1999-02-28,200,104.0,"Years=23,Months=3,Days=11",Forward
1629652,Luguentz Dort,Thunder,Canada,2,-1,139,29.0,13.3,3.5,1.5,0.9,0.3,1782621,,1999-04-19,190,97.0,"Years=23,Months=1,Days=20",Guard
1630245,Ayo Dosunmu,Bulls,USA,0,38,77,27.4,8.8,2.8,3.3,0.8,0.4,925258,,2000-01-17,193,90.0,"Years=22,Months=4,Days=22",Guard
201609,Goran Dragic,Nets,Slovenia,13,45,888,27.9,13.7,3.1,4.8,1.0,0.2,20168742,,1986-05-06,190,86.0,"Years=36,Months=1,Days=6",Guard
203083,Andre Drummond,Nets,USA,9,9,718,29.6,13.8,13.3,1.4,1.4,1.5,2401537,,1993-08-10,208,126.0,"Years=28,Months=9,Days=30",Center
1630537,Chris Duarte,Pacers,Dominican Republic,0,13,55,28.0,13.1,4.1,2.1,1.0,0.2,3749520,,1997-06-13,195,86.0,"Years=24,Months=11,Days=26",Guard
201142,Kevin Durant,Nets,USA,13,2,939,36.8,27.2,7.1,4.3,1.1,1.1,40918900,,1988-09-29,208,108.0,"Years=33,Months=8,Days=12",Forward
1630162,Anthony Edwards,Timberwolves,USA,1,1,144,33.2,20.3,4.7,3.4,1.3,0.6,10245480,,2001-08-05,193,102.0,"Years=20,Months=10,Days=3",Guard
1629035,Carsen Edwards,Celtics,USA,2,33,72,9.8,3.7,1.1,0.7,0.3,0.1,76744,,1998-03-12,180,90.0,"Years=24,Months=2,Days=27",Guard
1630556,Kessler Edwards,Nets,USA,0,44,48,20.6,5.9,3.6,0.6,0.6,0.5,5318,,2000-08-09,200,92.0,"Years=21,Months=9,Days=29",Forward
1629604,CJ Elleby,Trail Blazers,USA,1,46,88,15.5,4.6,2.9,1.1,0.5,0.3,1517981,,2000-06-16,198,90.0,"Years=21,Months=11,Days=22",Forward
201961,Wayne Ellington,Lakers,USA,12,28,770,20.9,8.0,2.1,1.1,0.5,0.1,2641691,,1987-11-29,193,93.0,"Years=34,Months=6,Days=13",Guard
203954,Joel Embiid,76ers,Cameroon,5,3,328,31.2,26.0,11.4,3.3,0.9,1.7,31579390,2022-05-04,1994-03-16,213,127.0,"Years=28,Months=2,Days=24",Center
202324,Derrick Favors,Thunder,USA,11,3,790,24.3,10.6,7.1,1.1,0.7,1.2,9720900,,1991-07-15,205,120.0,"Years=30,Months=10,Days=27",Forward
1628981,Bruno Fernando,Rockets,Angola,2,34,119,9.2,3.2,2.8,0.6,0.2,0.3,1782621,,1998-08-15,205,108.0,"Years=23,Months=9,Days=24",Forward
1627827,Dorian Finney-Smith,Mavericks,USA,5,-1,394,27.3,8.2,4.5,1.4,0.8,0.4,4000000,2022-05-04,1993-05-04,200,99.0,"Years=29,Months=1,Days=6",Forward
1630238,Malik Fitts,Celtics,USA,1,-1,18,4.1,1.3,1.1,0.3,0.0,0.0,231062,2022-05-03,1997-07-04,195,104.0,"Years=24,Months=11,Days=5",Forward
1630201,Malachi Flynn,Raptors,USA,1,29,91,16.1,6.0,2.0,2.3,0.6,0.1,2048040,,1998-05-09,185,79.0,"Years=24,Months=nan,Days=nan",Guard
1630235,Trent Forrest,Jazz,USA,1,-1,90,11.9,3.1,1.6,1.7,0.4,0.1,8558,,1998-06-12,193,95.0,"Years=23,Months=11,Days=27",Guard
203095,Evan Fournier,Knicks,France,9,20,645,28.6,14.3,2.7,2.6,0.9,0.2,18139535,,1992-10-29,198,92.0,"Years=29,Months=7,Days=12",Guard
1628368,De'Aaron Fox,Kings,USA,4,5,322,32.1,19.1,3.5,6.2,1.3,0.4,28103550,,1997-12-20,190,83.0,"Years=24,Months=5,Days=20",Guard
1628365,Markelle Fultz,Magic,USA,4,1,131,24.8,10.9,3.2,4.8,1.1,0.2,16500000,,1998-05-29,193,94.0,"Years=23,Months=12,Days=11",Guard
1629117,Wenyen Gabriel,Lakers,South Sudan,2,-1,77,10.8,3.6,2.6,0.4,0.3,0.3,29814,,1997-03-26,205,92.0,"Years=25,Months=2,Days=13",Forward
1629655,Daniel Gafford,Wizards,USA,2,38,169,16.8,7.6,4.4,0.7,0.4,1.4,1782621,,1998-10-01,205,106.0,"Years=23,Months=8,Days=8",Forward
201568,Danilo Gallinari,Hawks,Italy,12,6,728,29.9,15.6,4.8,1.9,0.7,0.4,20475000,,1988-08-08,208,107.0,"Years=33,Months=10,Days=3",Forward
1629636,Darius Garland,Cavaliers,USA,2,5,181,33.4,17.4,2.6,6.3,1.1,0.1,7040880,,2000-01-26,185,87.0,"Years=22,Months=4,Days=13",Guard
1630586,Usman Garuba,Rockets,Spain,0,23,24,10.0,2.0,3.5,0.7,0.4,0.5,2353320,,2002-03-09,203,103.0,"Years=20,Months=3,Days=1",Forward
1630568,Luka Garza,Pistons,USA,0,52,32,12.2,5.8,3.1,0.6,0.3,0.2,925258,,1998-12-27,208,110.0,"Years=23,Months=5,Days=13",Center
200752,Rudy Gay,Jazz,USA,15,8,1064,31.7,16.3,5.8,2.1,1.1,0.7,5890000,,1986-08-17,203,113.0,"Years=35,Months=9,Days=25",Forward
202331,Paul George,Clippers,USA,11,10,737,33.6,20.4,6.4,3.6,1.7,0.4,39344970,,1990-05-02,203,99.0,"Years=32,Months=1,Days=9",Forward
201959,Taj Gibson,Knicks,USA,12,26,896,24.5,9.0,6.1,1.0,0.6,1.0,4910000,,1985-06-24,205,105.0,"Years=36,Months=11,Days=18",Forward
1630581,Josh Giddey,Thunder,Australia,0,6,54,31.5,12.5,7.8,6.4,0.9,0.4,5988000,,2002-10-10,203,92.0,"Years=19,Months=7,Days=29",Guard
1628983,Shai Gilgeous-Alexander,Thunder,Canada,3,11,243,31.8,18.2,4.5,4.3,1.1,0.7,5495532,,1998-07-12,198,81.0,"Years=23,Months=10,Days=28",Guard
1630264,Anthony Gill,Wizards,USA,1,-1,70,9.7,3.7,1.9,0.5,0.2,0.2,1517981,,1992-10-17,200,104.0,"Years=29,Months=7,Days=24",Forward
203497,Rudy Gobert,Jazz,France,8,27,611,30.0,12.4,11.7,1.3,0.7,2.2,35344828,,1992-06-26,215,117.0,"Years=29,Months=11,Days=14",Center
203932,Aaron Gordon,Nuggets,USA,7,4,528,28.9,13.0,6.3,2.5,0.7,0.6,16409091,,1995-09-16,203,106.0,"Years=26,Months=8,Days=24",Forward
201569,Eric Gordon,Rockets,USA,13,7,749,32.4,16.4,2.4,2.8,0.9,0.3,18218818,,1988-12-25,190,97.0,"Years=33,Months=5,Days=17",Guard
1628984,Devonte' Graham,Pelicans,USA,3,34,240,27.9,12.8,2.5,5.0,0.9,0.1,11000000,,1995-02-22,185,88.0,"Years=27,Months=3,Days=18",Guard
203924,Jerami Grant,Pistons,USA,7,39,555,26.0,11.4,3.9,1.3,0.6,1.1,20000000,,1994-03-12,203,95.0,"Years=28,Months=2,Days=28",Forward
201980,Danny Green,76ers,USA,12,46,819,25.3,8.7,3.4,1.6,1.0,0.8,10000000,2022-05-04,1987-06-22,198,97.0,"Years=34,Months=11,Days=20",Guard
203110,Draymond Green,Warriors,USA,9,35,685,28.5,8.7,6.9,5.4,1.4,1.0,24026712,2022-05-03,1990-03-04,198,104.0,"Years=32,Months=3,Days=9",Forward
203210,JaMychal Green,Nuggets,USA,7,-1,487,20.8,7.9,5.7,0.9,0.6,0.4,8292683,,1990-06-21,203,102.0,"Years=31,Months=11,Days=20",Forward
1630224,Jalen Green,Rockets,USA,0,2,67,31.9,17.3,3.4,2.6,0.7,0.3,8992200,,2002-02-09,193,84.0,"Years=20,Months=3,Days=29",Guard
1629750,Javonte Green,Bulls,USA,2,-1,154,16.0,5.0,2.9,0.7,0.8,0.3,1669178,,1993-07-23,195,92.0,"Years=28,Months=10,Days=18",Guard
201145,Jeff Green,Nuggets,USA,13,5,1051,29.0,12.6,4.3,1.5,0.7,0.5,4500000,,1986-08-28,203,106.0,"Years=35,Months=9,Days=14",Forward
1630182,Josh Green,Mavericks,Australia,1,18,106,14.0,4.0,2.3,1.0,0.6,0.2,2957520,2022-05-04,2000-11-16,195,90.0,"Years=21,Months=6,Days=22",Guard
201933,Blake Griffin,Nets,USA,11,1,724,32.9,19.8,8.2,4.1,0.8,0.5,32405817,,1989-03-16,205,113.0,"Years=33,Months=2,Days=25",Forward
1629656,Quentin Grimes,Knicks,USA,0,25,46,17.1,6.0,2.0,1.0,0.7,0.2,2168760,,2000-05-08,193,95.0,"Years=22,Months=nan,Days=nan",Guard
1629060,Rui Hachimura,Wizards,Japan,2,9,147,28.5,13.0,5.2,1.5,0.7,0.2,4916160,,1998-02-08,203,104.0,"Years=24,Months=3,Days=31",Forward
1630169,Tyrese Haliburton,Pacers,USA,1,12,135,32.9,14.3,3.6,6.9,1.6,0.6,4023600,,2000-02-29,195,83.0,"Years=22,Months=3,Days=10",Guard
1630181,R.J. Hampton,Magic,USA,1,24,115,19.9,7.3,3.2,2.1,0.5,0.2,2303040,,2001-02-07,193,79.0,"Years=21,Months=3,Days=31",Guard
203501,Tim Hardaway Jr.,Mavericks,USA,8,24,586,27.0,13.9,2.8,1.9,0.6,0.1,21306816,2022-05-04,1992-03-16,195,92.0,"Years=30,Months=2,Days=24",Guard
201935,James Harden,76ers,USA,12,3,942,34.6,24.9,5.6,6.8,1.5,0.5,43848000,2022-05-04,1989-08-26,195,99.0,"Years=32,Months=9,Days=15",Guard
203090,Maurice Harkless,Kings,USA,9,15,621,22.6,6.9,3.5,0.9,0.9,0.6,4347600,,1993-05-11,200,99.0,"Years=28,Months=12,Days=30",Forward
1626149,Montrezl Harrell,Hornets,USA,6,32,458,21.5,12.9,5.3,1.4,0.6,0.8,9720900,,1994-01-26,200,108.0,"Years=28,Months=4,Days=14",Forward
203914,Gary Harris,Magic,USA,7,19,468,28.8,11.8,2.5,2.1,1.2,0.2,20482143,,1994-09-14,193,95.0,"Years=27,Months=8,Days=26",Guard
203925,Joe Harris,Nets,USA,7,33,414,25.6,11.1,3.2,1.6,0.5,0.2,17357143,,1991-09-06,198,99.0,"Years=30,Months=9,Days=4",Guard
202699,Tobias Harris,76ers,USA,10,19,753,31.4,16.4,6.2,2.3,0.7,0.5,36000000,2022-05-04,1992-07-15,200,102.0,"Years=29,Months=10,Days=26",Forward
1628404,Josh Hart,Trail Blazers,USA,4,30,296,27.3,9.9,5.7,2.1,0.9,0.4,12000000,,1995-03-06,195,97.0,"Years=27,Months=3,Days=6",Guard
1628392,Isaiah Hartenstein,Clippers,Germany,3,43,165,13.7,5.8,3.9,1.5,0.5,0.8,3430810,,1998-05-05,213,113.0,"Years=24,Months=1,Days=4",Center
2617,Udonis Haslem,Heat,USA,18,-1,872,24.8,7.5,6.6,0.8,0.5,0.3,2641691,2022-05-04,1980-06-09,203,106.0,"Years=41,Months=12,Days=4",Forward
1630573,Sam Hauser,Celtics,USA,0,-1,26,6.1,2.5,1.1,0.4,0.0,0.1,313737,2022-05-03,1997-12-08,200,98.0,"Years=24,Months=6,Days=1",Forward
1629637,Jaxson Hayes,Pelicans,USA,2,8,194,17.7,8.1,4.3,0.7,0.4,0.8,5348280,,2000-05-23,210,99.0,"Years=21,Months=12,Days=16",Center
1630165,Killian Hayes,Pistons,France,1,7,92,25.2,6.8,3.0,4.5,1.1,0.5,5572680,,2001-07-27,195,88.0,"Years=20,Months=10,Days=12",Guard
202330,Gordon Hayward,Hornets,USA,11,9,734,31.1,15.6,4.5,3.5,1.0,0.4,29900000,,1990-03-23,200,102.0,"Years=32,Months=2,Days=18",Forward
1627823,Juancho Hernangomez,Jazz,Spain,5,15,297,15.7,5.4,3.4,0.6,0.4,0.2,6175440,,1995-09-28,205,97.0,"Years=26,Months=8,Days=12",Forward
1626195,Willy Hernangomez,Pelicans,Spain,5,35,306,15.3,7.4,5.9,1.1,0.4,0.4,2327220,,1994-05-27,210,113.0,"Years=27,Months=12,Days=14",Center
1629639,Tyler Herro,Heat,USA,2,13,175,30.3,16.7,4.7,3.2,0.6,0.2,4004280,2022-05-04,2000-01-20,195,88.0,"Years=22,Months=4,Days=19",Guard
1627741,Buddy Hield,Pacers,Bahamas,5,6,468,29.2,15.9,4.3,2.5,0.8,0.3,22477273,,1992-12-17,193,99.0,"Years=29,Months=5,Days=24",Guard
1629312,Haywood Highsmith,Heat,USA,1,0,24,8.5,2.2,1.3,0.3,0.1,0.1,290967,2022-05-04,1996-12-09,193,99.0,"Years=25,Months=5,Days=31",Forward
201588,George Hill,Bucks,USA,13,26,869,27.2,10.7,3.0,3.1,0.9,0.3,4000000,2022-05-03,1986-05-04,193,85.0,"Years=36,Months=1,Days=8",Guard
1628988,Aaron Holiday,Suns,USA,3,23,245,18.2,7.3,1.8,2.4,0.7,0.2,3980551,2022-05-04,1996-09-30,182,83.0,"Years=25,Months=8,Days=9",Guard
201950,Jrue Holiday,Bucks,USA,12,17,839,33.2,16.2,4.0,6.4,1.5,0.5,30133333,2022-05-03,1990-06-12,190,92.0,"Years=31,Months=11,Days=29",Guard
203200,Justin Holiday,Kings,USA,8,-1,576,24.6,8.7,3.0,1.5,1.0,0.4,6006420,,1989-04-05,198,81.0,"Years=33,Months=2,Days=5",Forward
1626158,Richaun Holmes,Kings,USA,6,37,376,21.1,9.6,5.8,1.1,0.6,1.1,10384500,,1993-10-15,208,106.0,"Years=28,Months=7,Days=26",Forward
203918,Rodney Hood,Clippers,USA,7,23,448,24.5,10.4,2.6,1.6,0.7,0.2,2239544,,1992-10-20,203,94.0,"Years=29,Months=7,Days=21",Guard
201143,Al Horford,Celtics,Dominican Republic,14,3,950,32.2,13.7,8.2,3.3,0.8,1.2,27000000,2022-05-03,1986-06-03,205,108.0,"Years=35,Months=12,Days=9",Center
1629659,Talen Horton-Tucker,Lakers,USA,2,46,131,22.1,9.3,2.8,2.6,1.0,0.4,9500000,,2000-11-25,193,106.0,"Years=21,Months=6,Days=13",Guard
1627863,Danuel House Jr.,Jazz,USA,5,-1,204,24.4,8.5,3.6,1.3,0.7,0.4,2045094,,1993-06-07,198,99.0,"Years=28,Months=12,Days=3",Forward
2730,Dwight Howard,Lakers,USA,17,1,1242,31.8,15.7,11.8,1.3,0.9,1.8,2641691,,1985-12-08,208,120.0,"Years=36,Months=6,Days=4",Center
1628989,Kevin Huerter,Hawks,USA,3,19,274,29.6,11.4,3.5,3.2,0.9,0.4,4253357,,1998-08-27,200,89.0,"Years=23,Months=9,Days=12",Guard
1630190,Elijah Hughes,Trail Blazers,USA,1,39,54,9.2,2.9,1.2,0.5,0.3,0.2,1517981,,1998-03-10,195,97.0,"Years=24,Months=3,Days=1",Guard
1629631,De'Andre Hunter,Hawks,USA,2,4,139,30.7,13.2,4.1,1.6,0.7,0.4,7775400,,1997-12-02,203,100.0,"Years=24,Months=6,Days=7",Forward
1630538,Bones Hyland,Nuggets,USA,0,26,69,19.0,10.1,2.7,2.8,0.6,0.3,2096880,,2000-09-14,187,76.0,"Years=21,Months=8,Days=24",Guard
201586,Serge Ibaka,Bucks,Republic of the Congo,12,24,903,27.6,12.1,7.2,0.8,0.4,1.9,9742000,2022-05-03,1989-09-18,208,106.0,"Years=32,Months=8,Days=23",Forward
2738,Andre Iguodala,Warriors,USA,17,9,1223,32.2,11.4,4.9,4.2,1.4,0.5,2641691,2022-05-03,1984-01-28,198,97.0,"Years=38,Months=4,Days=15",Guard
204060,Joe Ingles,Trail Blazers,Australia,7,-1,590,25.7,8.6,3.2,3.8,0.9,0.2,14000000,,1987-10-02,203,99.0,"Years=34,Months=8,Days=10",Forward
1627742,Brandon Ingram,Pelicans,USA,5,2,368,32.8,18.5,5.2,3.8,0.7,0.6,29467800,,1997-09-02,203,86.0,"Years=24,Months=9,Days=6",Forward
202681,Kyrie Irving,Nets,Australia,10,1,611,34.0,23.1,3.8,5.7,1.3,0.4,34916200,,1992-03-23,187,88.0,"Years=30,Months=2,Days=17",Guard
1628371,Jonathan Isaac,Magic,USA,3,6,136,25.8,9.3,5.4,1.1,1.1,1.5,17400000,,1997-10-03,208,104.0,"Years=24,Months=8,Days=6",Forward
1628402,Frank Jackson,Pistons,USA,3,31,213,18.2,8.5,1.8,1.0,0.4,0.1,3000000,,1998-05-04,190,92.0,"Years=24,Months=1,Days=5",Guard
1630543,Isaiah Jackson,Pacers,USA,0,22,36,15.0,8.3,4.1,0.3,0.7,1.4,2451120,,2002-01-10,208,92.0,"Years=20,Months=4,Days=28",Forward
1628367,Josh Jackson,Kings,USA,4,4,291,23.1,11.3,4.0,1.8,0.9,0.6,5005350,,1997-02-10,203,93.0,"Years=25,Months=3,Days=29",Guard
202704,Reggie Jackson,Clippers,USA,10,24,703,25.6,13.1,3.0,4.3,0.7,0.1,10384500,,1990-04-16,187,94.0,"Years=32,Months=1,Days=25",Guard
1628991,Jaren Jackson Jr.,Grizzlies,USA,3,4,204,27.1,15.8,5.1,1.2,0.9,1.8,9180560,2022-05-03,1999-09-15,210,109.0,"Years=22,Months=8,Days=24",Forward
2544,LeBron James,Lakers,USA,18,1,1366,38.2,27.1,7.5,7.4,1.6,0.8,41180544,,1984-12-30,205,113.0,"Years=37,Months=5,Days=13",Forward
1629660,Ty Jerome,Thunder,USA,2,24,112,17.1,7.1,1.9,2.4,0.6,0.1,2412840,,1997-07-08,195,88.0,"Years=24,Months=11,Days=1",Guard
1630198,Isaiah Joe,76ers,USA,1,49,96,10.3,3.7,1.0,0.6,0.3,0.1,1517981,2022-05-04,1999-07-02,193,74.0,"Years=22,Months=11,Days=7",Guard
1629661,Cameron Johnson,Suns,USA,2,11,183,24.2,10.4,3.6,1.4,0.7,0.3,4437000,2022-05-04,1996-03-03,203,95.0,"Years=26,Months=3,Days=8",Forward
1630552,Jalen Johnson,Hawks,USA,0,20,22,5.5,2.4,1.2,0.1,0.1,0.1,2659560,,2001-12-18,203,99.0,"Years=20,Months=5,Days=21",Forward
1629640,Keldon Johnson,Spurs,USA,2,29,161,28.9,14.4,5.8,1.8,0.7,0.2,2145720,,1999-10-11,198,99.0,"Years=22,Months=7,Days=29",Forward
1630553,Keon Johnson,Trail Blazers,USA,0,21,37,18.8,7.2,2.2,2.1,0.8,0.3,2553120,,2002-03-10,193,83.0,"Years=20,Months=2,Days=28",Guard
1626169,Stanley Johnson,Lakers,USA,6,8,419,20.1,6.3,3.1,1.5,0.9,0.2,888616,,1996-05-29,198,109.0,"Years=25,Months=12,Days=11",Forward
203999,Nikola Jokic,Nuggets,Serbia,6,41,527,30.4,19.7,10.4,6.2,1.2,0.7,30510423,,1995-02-19,210,128.0,"Years=27,Months=3,Days=21",Center
1627745,Damian Jones,Kings,USA,5,30,199,15.2,5.6,3.4,0.8,0.4,0.7,1977011,,1995-06-30,210,111.0,"Years=26,Months=11,Days=10",Center
1630529,Herbert Jones,Pelicans,USA,0,35,78,29.9,9.5,3.8,2.1,1.7,0.8,1700000,,1998-10-06,200,93.0,"Years=23,Months=8,Days=3",Forward
1630539,Kai Jones,Hornets,Bahamas,0,19,21,3.0,1.0,0.5,0.2,0.0,0.1,2770560,,2001-01-19,208,100.0,"Years=21,Months=4,Days=19",Center
1630200,Tre Jones,Spurs,USA,1,41,106,13.4,4.8,1.7,2.6,0.5,0.1,1517981,,2000-01-08,185,83.0,"Years=22,Months=5,Days=1",Guard
1626145,Tyus Jones,Grizzlies,USA,6,24,455,18.4,6.2,1.8,3.7,1.0,0.1,7522200,2022-05-03,1996-05-10,182,88.0,"Years=25,Months=12,Days=30",Guard
1627884,Derrick Jones Jr.,Bulls,USA,5,-1,280,19.8,6.5,3.4,0.7,0.7,0.7,9720900,,1997-02-15,198,95.0,"Years=25,Months=3,Days=24",Forward
201599,DeAndre Jordan,76ers,USA,13,35,980,26.7,9.1,10.3,1.0,0.5,1.5,11109327,2022-05-04,1988-07-21,210,120.0,"Years=33,Months=10,Days=21",Center
202709,Cory Joseph,Pistons,Canada,10,29,728,22.2,7.1,2.6,3.0,0.8,0.2,7310000,,1991-08-20,190,90.0,"Years=30,Months=9,Days=21",Guard
1628379,Luke Kennard,Clippers,USA,4,12,297,23.5,10.0,2.9,2.0,0.5,0.1,12727273,,1996-06-24,195,93.0,"Years=25,Months=11,Days=15",Guard
1630557,Corey Kispert,Wizards,USA,0,15,77,23.4,8.2,2.7,1.1,0.5,0.3,3383640,,1999-03-03,198,101.0,"Years=23,Months=3,Days=8",Forward
1628467,Maxi Kleber,Mavericks,Germany,4,-1,326,22.7,7.1,4.8,1.1,0.4,0.9,8750000,2022-05-04,1992-01-29,208,108.0,"Years=30,Months=4,Days=12",Forward
1629723,John Konchar,Grizzlies,USA,2,-1,134,15.3,4.4,3.8,1.3,0.6,0.3,2197674,2022-05-03,1996-03-22,195,95.0,"Years=26,Months=2,Days=17",Guard
1627788,Furkan Korkmaz,76ers,Turkey,4,26,256,18.7,7.9,2.2,1.3,0.6,0.1,4629630,2022-05-04,1997-07-24,200,91.0,"Years=24,Months=10,Days=16",Guard
1628436,Luke Kornet,Celtics,USA,4,-1,148,14.3,5.5,2.6,1.0,0.3,0.8,606702,2022-05-03,1995-07-15,218,113.0,"Years=26,Months=10,Days=26",Center
1630249,Vit Krejci,Thunder,Czech Republic,0,37,30,23.0,6.2,3.4,1.9,0.6,0.3,925258,,2000-06-19,203,88.0,"Years=21,Months=11,Days=19",Guard
1630228,Jonathan Kuminga,Warriors,DRC,0,7,70,16.9,9.3,3.3,0.9,0.4,0.3,5466360,2022-05-03,2002-10-06,200,102.0,"Years=19,Months=8,Days=2",Forward
1628398,Kyle Kuzma,Wizards,USA,4,27,342,30.4,15.6,6.2,2.2,0.6,0.5,13000000,,1995-07-24,205,100.0,"Years=26,Months=10,Days=17",Forward
203897,Zach LaVine,Bulls,USA,7,13,478,31.8,19.8,3.9,3.9,0.9,0.3,19500000,,1995-03-10,195,90.0,"Years=27,Months=3,Days=2",Guard
203087,Jeremy Lamb,Kings,USA,9,12,573,20.8,10.1,3.6,1.6,0.7,0.4,10500000,,1992-05-30,195,81.0,"Years=29,Months=12,Days=11",Guard
1629111,Jock Landale,Spurs,Australia,0,-1,54,10.9,4.9,2.6,0.8,0.2,0.3,925258,,1995-10-25,210,115.0,"Years=26,Months=7,Days=16",Center
1629641,Romeo Langford,Spurs,USA,2,14,98,14.5,3.6,1.9,0.5,0.4,0.3,3804360,,1999-10-25,195,97.0,"Years=22,Months=7,Days=15",Guard
1627774,Jake Layman,Timberwolves,USA,5,47,243,12.8,4.8,1.7,0.5,0.4,0.3,3940184,,1994-03-07,203,94.0,"Years=28,Months=3,Days=5",Forward
1627747,Caris LeVert,Cavaliers,USA,5,20,318,27.5,14.6,3.8,4.0,1.1,0.3,17500000,,1994-08-25,198,92.0,"Years=27,Months=9,Days=15",Guard
1627814,Damion Lee,Warriors,USA,4,-1,216,21.0,8.2,3.5,1.4,0.7,0.1,1910860,2022-05-03,1992-10-21,195,95.0,"Years=29,Months=7,Days=20",Guard
1630240,Saben Lee,Pistons,USA,1,38,85,16.3,5.6,2.2,3.3,0.8,0.3,1489065,,1999-06-23,187,83.0,"Years=22,Months=11,Days=16",Guard
203458,Alex Len,Kings,Ukraine,8,5,570,18.9,7.7,5.9,0.9,0.4,1.0,3731707,,1993-06-16,213,113.0,"Years=28,Months=11,Days=24",Center
202695,Kawhi Leonard,Clippers,USA,10,15,576,31.3,19.2,6.4,2.9,1.8,0.6,39344900,,1991-06-29,200,102.0,"Years=30,Months=11,Days=12",Forward
1630184,Kira Lewis Jr.,Pelicans,USA,1,13,78,16.0,6.2,1.4,2.2,0.6,0.1,3822240,,2001-04-06,185,77.0,"Years=21,Months=2,Days=1",Guard
203081,Damian Lillard,Trail Blazers,USA,9,6,711,36.3,24.6,4.2,6.6,1.0,0.3,39344900,,1990-07-15,187,88.0,"Years=31,Months=10,Days=27",Guard
1629642,Nassir Little,Trail Blazers,USA,2,25,138,16.7,5.8,3.4,0.7,0.3,0.5,2316240,,2000-02-11,195,99.0,"Years=22,Months=3,Days=28",Forward
1630587,Isaiah Livers,Pistons,USA,0,42,19,20.2,6.4,3.0,1.1,0.7,0.4,1057260,,1998-07-28,198,105.0,"Years=23,Months=10,Days=12",Forward
1626172,Kevon Looney,Warriors,USA,6,30,367,16.4,4.7,4.8,1.4,0.5,0.6,5178572,2022-05-03,1996-02-06,205,100.0,"Years=26,Months=4,Days=3",Forward
201572,Brook Lopez,Bucks,USA,13,10,868,30.2,16.4,6.2,1.4,0.6,1.8,13302325,2022-05-03,1988-04-01,213,127.0,"Years=34,Months=2,Days=9",Center
201577,Robin Lopez,Magic,USA,13,15,939,21.9,8.7,4.9,0.8,0.2,1.1,5000000,,1988-04-01,213,127.0,"Years=34,Months=2,Days=9",Center
1629712,Didi Louzada,Trail Blazers,Brazil,1,35,12,15.5,3.6,1.7,0.7,0.3,0.2,1786878,,1999-07-02,195,85.0,"Years=22,Months=11,Days=7",Guard
201567,Kevin Love,Cavaliers,USA,13,5,812,30.9,17.6,10.7,2.4,0.7,0.4,31300000,,1988-09-07,203,113.0,"Years=33,Months=9,Days=3",Forward
200768,Kyle Lowry,Heat,USA,15,24,1023,31.9,14.8,4.4,6.3,1.3,0.3,26984128,2022-05-04,1986-03-25,182,88.0,"Years=36,Months=2,Days=17",Guard
1627789,Timothe Luwawu-Cabarrot,Hawks,France,5,24,328,16.0,5.9,2.0,0.9,0.4,0.1,1939350,,1995-05-09,200,97.0,"Years=27,Months=1,Days=1",Guard
1626168,Trey Lyles,Kings,Canada,6,12,449,18.3,7.8,4.3,1.1,0.4,0.3,2500000,,1995-11-05,205,106.0,"Years=26,Months=7,Days=5",Forward
1630177,Theo Maledon,Thunder,France,1,34,116,23.2,8.8,2.9,2.9,0.8,0.2,2000000,,2001-06-12,193,79.0,"Years=20,Months=11,Days=26",Guard
1629611,Terance Mann,Clippers,USA,2,48,189,20.9,7.6,3.8,1.9,0.5,0.2,1782621,,1996-10-18,195,97.0,"Years=25,Months=7,Days=22",Guard
1630544,Tre Mann,Thunder,USA,0,18,60,22.8,10.4,2.9,1.5,0.8,0.2,2901240,,2001-02-03,190,80.0,"Years=21,Months=4,Days=4",Guard
1626246,Boban Marjanovic,Mavericks,Serbia,6,-1,286,9.2,5.9,3.8,0.5,0.2,0.3,3500000,2022-05-04,1988-08-15,220,131.0,"Years=33,Months=9,Days=26",Center
1628374,Lauri Markkanen,Cavaliers,Finland,4,7,282,29.7,15.4,6.8,1.3,0.7,0.5,15690909,,1997-05-22,210,108.0,"Years=24,Months=12,Days=18",Forward
1630230,Naji Marshall,Pelicans,USA,1,-1,87,16.5,6.4,3.3,1.7,0.7,0.2,1517981,,1998-01-24,200,99.0,"Years=24,Months=4,Days=15",Forward
1628997,Caleb Martin,Heat,USA,2,-1,131,19.1,7.1,3.1,1.2,0.8,0.4,527614,2022-05-04,1995-09-28,195,92.0,"Years=26,Months=8,Days=12",Forward
1628998,Cody Martin,Hornets,USA,2,36,171,21.2,5.8,3.5,2.1,1.0,0.3,1782621,,1995-09-28,198,92.0,"Years=26,Months=8,Days=12",Forward
1630231,Kenyon Martin Jr.,Rockets,USA,1,52,124,22.0,9.0,4.3,1.2,0.5,0.7,1517981,,2001-01-06,195,97.0,"Years=21,Months=5,Days=2",Forward
1629726,Garrison Mathews,Rockets,USA,2,-1,147,20.3,7.5,2.0,0.7,0.6,0.2,1093598,,1996-10-24,195,97.0,"Years=25,Months=7,Days=16",Guard
202083,Wesley Matthews,Bucks,USA,12,-1,898,30.5,12.2,2.9,2.0,1.0,0.2,1958501,2022-05-03,1986-10-14,193,99.0,"Years=35,Months=7,Days=29",Guard
1630178,Tyrese Maxey,76ers,USA,1,21,136,26.4,13.2,2.5,3.2,0.6,0.3,2602920,2022-05-04,2000-11-04,187,90.0,"Years=21,Months=7,Days=4",Guard
1630219,Skylar Mays,Hawks,USA,1,50,61,8.0,3.3,1.0,0.8,0.3,0.0,34231,,1997-09-05,193,92.0,"Years=24,Months=9,Days=3",Guard
1630540,Miles McBride,Knicks,USA,0,36,40,9.3,2.2,1.1,1.0,0.4,0.0,925258,,2000-09-08,185,88.0,"Years=21,Months=8,Days=30",Guard
203468,CJ McCollum,Pelicans,USA,8,10,590,31.6,19.2,3.5,3.5,0.9,0.4,30864198,,1991-09-19,190,86.0,"Years=30,Months=8,Days=22",Guard
204456,T.J. McConnell,Pacers,USA,6,0,481,22.2,6.9,3.0,5.0,1.3,0.2,7500000,,1992-03-25,185,86.0,"Years=30,Months=2,Days=15",Guard
1630183,Jaden McDaniels,Timberwolves,USA,1,28,133,24.9,8.1,3.9,1.1,0.7,0.9,2063280,,2000-09-29,205,83.0,"Years=21,Months=8,Days=9",Forward
1629667,Jalen McDaniels,Hornets,USA,2,52,118,17.7,6.6,3.4,1.1,0.5,0.4,1782621,,1998-01-31,205,92.0,"Years=24,Months=4,Days=8",Forward
203926,Doug McDermott,Spurs,USA,7,11,527,20.9,9.2,2.3,0.9,0.2,0.1,13750000,,1992-01-03,200,102.0,"Years=30,Months=5,Days=8",Forward
201580,JaVale McGee,Suns,USA,13,18,821,17.0,8.0,5.3,0.4,0.4,1.5,5000000,2022-05-04,1988-01-19,213,122.0,"Years=34,Months=4,Days=23",Center
203585,Rodney McGruder,Pistons,USA,5,-1,285,19.8,5.8,2.8,1.2,0.5,0.2,1939350,,1991-07-29,193,92.0,"Years=30,Months=10,Days=13",Guard
1629162,Jordan McLaughlin,Timberwolves,USA,2,-1,143,17.0,5.0,1.8,3.5,1.0,0.1,1669178,,1996-04-09,180,83.0,"Years=26,Months=1,Days=30",Guard
203463,Ben McLemore,Trail Blazers,USA,8,7,556,22.5,9.0,2.3,1.0,0.6,0.2,2389641,,1993-02-11,190,88.0,"Years=29,Months=3,Days=29",Guard
1629001,De'Anthony Melton,Grizzlies,USA,3,46,235,20.7,8.4,3.6,2.8,1.3,0.5,8437500,2022-05-03,1998-05-28,187,90.0,"Years=23,Months=12,Days=12",Guard
1629002,Chimezie Metu,Kings,USA,3,49,143,14.1,6.1,3.6,0.8,0.5,0.4,1762796,,1997-03-22,205,102.0,"Years=25,Months=2,Days=17",Forward
203114,Khris Middleton,Bucks,USA,9,39,651,31.8,17.1,4.9,3.8,1.2,0.2,35500000,2022-05-03,1991-08-12,200,100.0,"Years=30,Months=9,Days=29",Forward
201988,Patty Mills,Nets,Australia,12,55,820,20.7,9.2,1.7,2.3,0.7,0.1,5890000,,1988-08-11,182,81.0,"Years=33,Months=9,Days=30",Guard
200794,Paul Millsap,76ers,USA,15,47,1085,28.1,13.4,7.1,2.2,1.2,1.0,2641691,2022-05-04,1985-02-10,200,116.0,"Years=37,Months=4,Days=1",Forward
1629003,Shake Milton,76ers,USA,3,54,178,20.9,9.7,2.3,2.6,0.5,0.3,1846738,2022-05-04,1996-09-26,195,92.0,"Years=25,Months=8,Days=13",Guard
1630558,Davion Mitchell,Kings,USA,0,9,75,27.7,11.5,2.2,4.2,0.7,0.3,4603320,,1998-09-05,182,91.0,"Years=23,Months=9,Days=3",Guard
1628378,Donovan Mitchell,Jazz,USA,4,13,345,33.7,23.9,4.2,4.5,1.3,0.3,28103550,,1996-09-07,185,97.0,"Years=25,Months=9,Days=1",Guard
1630596,Evan Mobley,Cavaliers,USA,0,3,69,33.8,15.0,8.3,2.5,0.8,1.7,8075160,,2001-06-18,210,97.0,"Years=20,Months=11,Days=20",Center
1628370,Malik Monk,Lakers,USA,4,11,309,20.4,10.3,2.3,2.0,0.5,0.2,1789256,,1998-02-04,190,90.0,"Years=24,Months=4,Days=4",Guard
202328,Greg Monroe,Timberwolves,USA,9,7,646,27.4,13.0,8.2,2.1,1.1,0.6,55208,,1990-06-04,208,113.0,"Years=31,Months=12,Days=7",Forward
1630541,Moses Moody,Warriors,USA,0,14,52,11.7,4.4,1.5,0.4,0.1,0.2,3562080,2022-05-03,2002-05-31,195,95.0,"Years=19,Months=12,Days=8",Guard
1629630,Ja Morant,Grizzlies,USA,2,2,187,32.2,21.2,4.5,7.1,1.0,0.3,9603360,2022-05-03,1999-08-10,190,78.0,"Years=22,Months=9,Days=29",Guard
1629752,Juwan Morgan,Celtics,USA,2,-1,52,6.0,1.5,1.2,0.3,0.1,0.1,19186,2022-05-03,1997-04-17,200,105.0,"Years=25,Months=1,Days=22",Forward
202693,Markieff Morris,Heat,USA,10,13,715,24.8,10.9,5.2,1.6,0.8,0.5,2641691,2022-05-04,1989-09-02,205,111.0,"Years=32,Months=9,Days=8",Forward
1628420,Monte Morris,Nuggets,USA,4,51,280,25.2,10.5,2.3,3.7,0.8,0.2,8333333,,1995-06-27,187,83.0,"Years=26,Months=11,Days=13",Guard
1630530,Trey Murphy III,Pelicans,USA,0,17,62,13.9,5.4,2.4,0.6,0.4,0.1,3053760,,2000-06-18,203,93.0,"Years=21,Months=11,Days=20",Forward
1627749,Dejounte Murray,Spurs,USA,4,29,320,25.8,12.5,6.0,4.8,1.4,0.3,15428571,,1996-09-19,193,81.0,"Years=25,Months=8,Days=20",Guard
1627750,Jamal Murray,Nuggets,Canada,5,7,345,30.1,16.3,3.6,3.8,1.0,0.3,31590000,,1997-02-23,190,97.0,"Years=25,Months=3,Days=16",Guard
203488,Mike Muscala,Thunder,USA,8,44,432,15.5,6.2,3.2,0.9,0.3,0.5,3500000,,1991-07-01,208,108.0,"Years=30,Months=11,Days=10",Forward
1629004,Svi Mykhailiuk,Raptors,Ukraine,3,47,220,17.0,6.6,1.8,1.4,0.6,0.1,1729217,,1997-06-10,200,92.0,"Years=24,Months=11,Days=29",Guard
1626204,Larry Nance Jr.,Pelicans,USA,6,27,396,24.1,8.1,6.5,1.9,1.2,0.5,10690909,,1993-01-01,200,111.0,"Years=29,Months=5,Days=9",Forward
1630612,RJ Nembhard Jr.,Cavaliers,USA,0,-1,14,4.5,1.1,0.5,0.9,0.1,0.0,58493,,1999-03-22,193,90.0,"Years=23,Months=2,Days=17",Guard
1630174,Aaron Nesmith,Celtics,USA,1,14,98,12.7,4.2,2.2,0.5,0.4,0.1,3631200,2022-05-03,1999-10-16,195,97.0,"Years=22,Months=7,Days=24",Guard
203526,Raul Neto,Wizards,Brazil,6,47,387,16.2,6.0,1.6,2.2,0.7,0.1,2089448,,1992-05-19,187,81.0,"Years=29,Months=12,Days=22",Guard
1627777,Georges Niang,76ers,USA,5,50,305,14.6,6.1,2.0,0.8,0.3,0.1,3300000,2022-05-04,1993-06-17,200,104.0,"Years=28,Months=11,Days=23",Forward
1630227,Daishen Nix,Rockets,USA,0,-1,24,10.9,3.2,1.4,1.7,0.6,0.0,292466,,2002-02-13,193,102.0,"Years=20,Months=3,Days=25",Guard
1630192,Zeke Nnaji,Nuggets,USA,1,22,83,13.2,4.9,2.6,0.3,0.3,0.2,2498760,,2001-01-09,205,108.0,"Years=21,Months=4,Days=29",Forward
203457,Nerlens Noel,Knicks,USA,7,6,450,22.4,7.3,6.2,1.1,1.3,1.5,8800000,,1994-04-10,210,99.0,"Years=28,Months=1,Days=30",Center
1629669,Jaylen Nowell,Timberwolves,USA,2,43,119,15.8,8.1,1.9,1.8,0.4,0.2,1782621,,1999-07-09,193,91.0,"Years=22,Months=10,Days=31",Guard
1628373,Frank Ntilikina,Mavericks,France,4,8,269,17.9,5.2,1.8,2.3,0.7,0.2,1789256,2022-05-04,1998-07-28,193,90.0,"Years=23,Months=10,Days=12",Guard
1629134,Kendrick Nunn,Lakers,USA,2,-1,123,29.4,15.0,2.9,3.0,0.9,0.2,5000000,,1995-08-03,187,86.0,"Years=26,Months=10,Days=7",Guard
203994,Jusuf Nurkic,Trail Blazers,Bosnia and Herzegovina,7,16,411,23.9,12.2,8.5,2.2,0.9,1.2,12000000,,1994-08-23,210,131.0,"Years=27,Months=9,Days=17",Center
1628021,David Nwaba,Rockets,USA,5,-1,237,19.3,6.8,3.7,1.0,0.7,0.4,4650000,,1993-01-14,195,99.0,"Years=29,Months=4,Days=26",Guard
1629670,Jordan Nwora,Bucks,USA,1,45,92,15.9,7.2,3.1,0.7,0.5,0.3,1517981,2022-05-03,1998-09-09,203,102.0,"Years=23,Months=8,Days=30",Forward
1626220,Royce O'Neale,Jazz,USA,4,-1,370,25.7,6.2,4.8,2.1,0.8,0.4,8678571,,1993-06-05,195,102.0,"Years=28,Months=12,Days=5",Forward
1629643,Chuma Okeke,Magic,USA,1,16,115,25.1,8.3,4.6,1.9,1.3,0.6,3277080,,1998-08-18,198,103.0,"Years=23,Months=9,Days=21",Forward
1629006,Josh Okogie,Timberwolves,Nigeria,3,20,244,20.6,6.4,2.9,1.1,1.0,0.4,4087904,,1998-09-01,193,96.0,"Years=23,Months=9,Days=7",Guard
1630168,Onyeka Okongwu,Hawks,USA,1,6,98,16.3,6.3,4.6,0.7,0.6,0.9,6104280,,2000-12-11,203,108.0,"Years=21,Months=5,Days=28",Forward
1630171,Isaac Okoro,Cavaliers,USA,1,5,134,31.0,9.2,3.0,1.9,0.9,0.3,6720720,,2001-01-26,195,102.0,"Years=21,Months=4,Days=12",Forward
203506,Victor Oladipo,Heat,USA,8,2,462,32.8,17.4,4.6,3.9,1.6,0.5,2389641,2022-05-04,1992-05-04,193,96.0,"Years=30,Months=1,Days=6",Guard
203482,Kelly Olynyk,Pistons,Canada,8,13,610,22.0,10.1,5.1,2.0,0.8,0.5,12195122,,1991-04-19,210,108.0,"Years=31,Months=1,Days=22",Forward
1626224,Cedi Osman,Cavaliers,Turkey,4,31,327,24.5,10.0,3.2,2.1,0.7,0.1,8050000,,1995-04-08,200,104.0,"Years=27,Months=2,Days=1",Forward
1626162,Kelly Oubre Jr.,Hornets,USA,6,15,479,25.2,12.0,4.3,1.0,0.9,0.5,12000000,,1995-12-09,198,92.0,"Years=26,Months=6,Days=1",Forward
1629672,Eric Paschall,Jazz,USA,2,41,158,19.5,9.8,3.2,1.4,0.3,0.2,1782621,,1996-11-04,198,115.0,"Years=25,Months=7,Days=5",Forward
101108,Chris Paul,Suns,USA,16,4,1155,34.5,18.1,4.5,9.5,2.1,0.1,30800000,2022-05-04,1985-05-06,182,79.0,"Years=37,Months=1,Days=6",Guard
1626166,Cameron Payne,Suns,USA,6,14,279,17.9,7.6,2.2,3.2,0.7,0.2,6500000,2022-05-04,1994-08-08,185,83.0,"Years=27,Months=10,Days=2",Guard
203901,Elfrid Payton,Suns,USA,7,10,500,26.8,10.1,4.0,5.7,1.2,0.3,2239544,2022-05-04,1994-02-22,190,88.0,"Years=28,Months=3,Days=18",Guard
1627780,Gary Payton II,Warriors,USA,5,-1,142,14.5,5.2,2.8,1.1,1.0,0.3,1939350,2022-05-03,1992-12-01,190,88.0,"Years=29,Months=6,Days=9",Guard
203486,Mason Plumlee,Hornets,USA,8,22,661,22.3,8.3,6.6,2.4,0.8,0.9,8137500,,1990-03-05,210,115.0,"Years=32,Months=3,Days=8",Forward
1627751,Jakob Poeltl,Spurs,Austria,5,9,416,20.2,7.3,6.1,1.4,0.5,1.3,8750000,,1995-10-15,215,111.0,"Years=26,Months=7,Days=26",Center
1630197,Aleksej Pokusevski,Thunder,Serbia,1,17,106,21.9,7.8,5.0,2.2,0.6,0.8,3113160,,2001-12-26,213,86.0,"Years=20,Months=5,Days=13",Forward
1629673,Jordan Poole,Warriors,USA,2,28,184,24.7,13.7,2.6,2.9,0.7,0.2,2161440,2022-05-03,1999-06-19,193,87.0,"Years=22,Months=11,Days=20",Guard
1629645,Kevin Porter Jr.,Rockets,USA,2,30,137,28.5,13.7,3.9,4.7,1.0,0.3,2130240,,2000-05-04,193,92.0,"Years=22,Months=1,Days=4",Guard
1629008,Michael Porter Jr.,Nuggets,USA,2,14,125,24.6,14.1,6.1,1.1,0.6,0.6,5258735,,1998-06-29,208,98.0,"Years=23,Months=11,Days=10",Forward
203490,Otto Porter Jr.,Warriors,USA,8,3,504,26.0,10.6,5.1,1.5,1.1,0.4,2389641,2022-05-03,1993-06-03,203,89.0,"Years=28,Months=12,Days=7",Forward
1626171,Bobby Portis,Bucks,USA,6,22,453,21.7,11.1,6.6,1.2,0.6,0.4,4347600,2022-05-03,1995-02-10,208,113.0,"Years=27,Months=3,Days=30",Forward
204001,Kristaps Porzingis,Wizards,Latvia,5,4,337,30.8,18.9,7.9,1.6,0.7,1.9,31650600,,1995-08-02,220,108.0,"Years=26,Months=10,Days=8",Forward
203939,Dwight Powell,Mavericks,Canada,7,45,511,19.0,7.7,4.6,1.0,0.6,0.5,11000000,2022-05-04,1991-07-20,208,108.0,"Years=30,Months=10,Days=22",Forward
1626181,Norman Powell,Clippers,USA,6,46,421,22.4,11.3,2.6,1.5,0.8,0.3,15517242,,1993-05-25,190,97.0,"Years=28,Months=12,Days=16",Guard
1630563,Joshua Primo,Spurs,Canada,0,12,50,19.3,5.8,2.3,1.6,0.4,0.5,3946800,,2002-12-24,193,85.0,"Years=19,Months=5,Days=15",Guard
1627752,Taurean Prince,Timberwolves,USA,5,12,370,24.2,10.5,3.9,1.7,0.8,0.4,15057692,,1994-03-22,198,98.0,"Years=28,Months=2,Days=18",Forward
1630202,Payton Pritchard,Celtics,USA,1,26,137,16.6,6.9,2.1,1.9,0.5,0.1,2137440,2022-05-03,1998-01-28,185,88.0,"Years=24,Months=4,Days=11",Guard
1630193,Immanuel Quickley,Knicks,USA,1,25,142,21.5,11.4,2.7,2.8,0.6,0.1,2210640,,1999-06-17,190,86.0,"Years=22,Months=11,Days=22",Guard
203944,Julius Randle,Knicks,USA,7,7,518,31.2,17.7,9.3,3.6,0.7,0.5,19800000,,1994-11-29,203,113.0,"Years=27,Months=6,Days=11",Forward
1630559,Austin Reaves,Lakers,USA,0,-1,61,23.2,7.3,3.2,1.8,0.5,0.3,925258,,1998-05-29,195,89.0,"Years=23,Months=12,Days=11",Guard
1629629,Cam Reddish,Knicks,USA,2,10,133,24.9,10.5,3.2,1.3,1.1,0.4,4670160,,1999-09-01,203,98.0,"Years=22,Months=9,Days=7",Forward
1630194,Paul Reed,76ers,USA,1,58,64,7.5,3.2,2.4,0.4,0.7,0.4,1517981,2022-05-04,1999-06-14,205,95.0,"Years=22,Months=11,Days=25",Forward
1629675,Naz Reid,Timberwolves,USA,2,-1,177,17.3,9.5,4.2,1.0,0.5,1.0,1782621,,1999-08-26,205,119.0,"Years=22,Months=9,Days=13",Center
1630208,Nick Richards,Hornets,Jamaica,1,42,68,6.3,2.4,1.4,0.2,0.1,0.3,1517981,,1997-11-29,213,111.0,"Years=24,Months=6,Days=10",Center
1626196,Josh Richardson,Spurs,USA,6,40,438,29.8,12.0,3.1,2.7,1.1,0.6,11615328,,1993-09-15,195,90.0,"Years=28,Months=8,Days=25",Guard
203085,Austin Rivers,Nuggets,USA,9,10,655,24.2,8.8,2.1,2.2,0.7,0.2,2401537,,1992-08-01,193,90.0,"Years=29,Months=10,Days=9",Guard
1629130,Duncan Robinson,Heat,USA,3,-1,239,27.7,11.9,2.9,1.5,0.5,0.2,15560000,2022-05-04,1994-04-22,200,97.0,"Years=28,Months=1,Days=18",Forward
1629011,Mitchell Robinson,Knicks,USA,3,36,230,23.8,8.4,7.5,0.6,0.9,2.0,1802057,,1998-04-01,213,108.0,"Years=24,Months=2,Days=7",Center
1630526,Jeremiah Robinson-Earl,Thunder,USA,0,32,49,22.2,7.5,5.6,1.0,0.6,0.3,2000000,,2000-11-03,203,109.0,"Years=21,Months=7,Days=5",Forward
1629676,Isaiah Roby,Thunder,USA,2,45,109,21.9,9.1,5.1,1.6,0.8,0.7,1782621,,1998-02-03,203,104.0,"Years=24,Months=4,Days=5",Forward
200765,Rajon Rondo,Cavaliers,USA,15,21,957,29.9,9.8,4.5,7.9,1.6,0.1,2641691,,1986-02-22,185,81.0,"Years=36,Months=3,Days=20",Guard
201565,Derrick Rose,Knicks,USA,12,1,672,31.7,18.2,3.3,5.4,0.8,0.3,13445120,,1988-10-04,187,90.0,"Years=33,Months=8,Days=7",Guard
203082,Terrence Ross,Magic,USA,9,8,670,24.8,11.2,2.8,1.3,0.8,0.3,12500000,,1991-02-05,198,93.0,"Years=31,Months=4,Days=5",Guard
1626179,Terry Rozier,Hornets,USA,6,16,477,26.1,12.7,3.9,3.2,0.9,0.2,17905263,,1994-03-17,185,86.0,"Years=28,Months=2,Days=23",Guard
201937,Ricky Rubio,Pacers,Spain,10,5,665,30.3,11.1,4.2,7.6,1.8,0.1,17809524,,1990-10-21,187,86.0,"Years=31,Months=7,Days=21",Guard
1626156,D'Angelo Russell,Timberwolves,USA,6,2,424,29.4,17.7,3.5,5.6,1.1,0.3,30013500,,1996-02-23,193,87.0,"Years=26,Months=3,Days=17",Guard
1627734,Domantas Sabonis,Kings,Lithuania,5,11,415,28.4,14.4,9.2,3.6,0.7,0.4,18562500,,1996-05-03,210,108.0,"Years=26,Months=1,Days=6",Forward
203967,Dario Saric,Suns,Croatia,5,12,356,25.2,11.7,5.9,2.0,0.6,0.2,9000000,2022-05-04,1994-04-08,208,102.0,"Years=28,Months=2,Days=1",Forward
203107,Tomas Satoransky,Wizards,Czech Republic,5,32,388,22.2,6.9,2.9,4.1,0.8,0.2,10468119,,1991-10-30,200,95.0,"Years=30,Months=7,Days=12",Guard
203471,Dennis Schroder,Rockets,Germany,8,17,621,26.5,14.2,2.9,4.7,0.8,0.1,5890000,,1993-09-15,185,78.0,"Years=28,Months=8,Days=25",Guard
1630578,Alperen Sengun,Rockets,Turkey,0,16,72,20.7,9.6,5.5,2.6,0.8,0.9,3214680,,2002-07-25,208,110.0,"Years=19,Months=10,Days=14",Center
1629012,Collin Sexton,Cavaliers,USA,3,8,218,32.9,20.0,3.0,3.3,0.8,0.1,6349671,,1999-01-04,185,86.0,"Years=23,Months=5,Days=5",Guard
1629013,Landry Shamet,Suns,USA,3,26,262,23.3,9.0,1.8,1.6,0.4,0.1,3768342,2022-05-04,1997-03-13,193,86.0,"Years=25,Months=2,Days=26",Guard
1630549,Day'Ron Sharpe,Nets,USA,0,29,32,12.2,6.2,5.0,0.5,0.3,0.5,2009040,,2001-11-06,205,120.0,"Years=20,Months=7,Days=2",Forward
1627783,Pascal Siakam,Raptors,Cameroon,5,27,400,29.5,15.7,6.3,3.1,0.9,0.7,31320000,,1994-04-02,203,104.0,"Years=28,Months=2,Days=7",Forward
1627732,Ben Simmons,Nets,Australia,4,1,275,33.9,15.9,8.1,7.7,1.7,0.7,31590000,,1996-07-20,210,108.0,"Years=25,Months=10,Days=20",Guard
1630250,Marko Simonovic,Bulls,Montenegro,0,44,9,3.9,1.9,1.1,0.0,0.1,0.1,925258,,1999-10-15,210,99.0,"Years=22,Months=7,Days=25",Center
1629014,Anfernee Simons,Trail Blazers,USA,3,24,211,20.7,10.2,2.2,2.0,0.4,0.1,3938818,,1999-06-08,190,82.0,"Years=22,Months=12,Days=1",Guard
203935,Marcus Smart,Celtics,USA,7,6,520,29.8,10.5,3.6,4.5,1.6,0.4,14339285,2022-05-03,1994-03-06,193,99.0,"Years=28,Months=3,Days=6",Guard
202397,Ish Smith,Wizards,USA,11,-1,719,20.0,7.6,2.5,3.9,0.7,0.3,4500000,,1988-07-05,182,79.0,"Years=33,Months=11,Days=6",Guard
1630188,Jalen Smith,Pacers,USA,1,10,78,13.8,6.7,4.4,0.4,0.2,0.6,4458000,,2000-03-16,208,97.0,"Years=22,Months=2,Days=22",Forward
203503,Tony Snell,Pelicans,USA,8,20,601,21.8,6.1,2.3,1.1,0.4,0.2,2389641,,1991-11-10,198,96.0,"Years=30,Months=7,Days=1",Guard
1630531,Jaden Springer,76ers,USA,0,28,2,2.8,1.0,1.0,0.0,0.0,1.0,2023800,2022-05-04,2002-09-25,193,91.0,"Years=19,Months=8,Days=13",Guard
202362,Lance Stephenson,Pacers,USA,9,40,554,22.9,8.6,4.1,2.9,0.6,0.1,924730,,1990-09-05,195,95.0,"Years=31,Months=9,Days=5",Forward
1630205,Lamar Stevens,Cavaliers,USA,1,-1,103,14.7,5.3,2.5,0.7,0.5,0.3,1517981,,1997-07-09,198,104.0,"Years=24,Months=10,Days=31",Forward
1630191,Isaiah Stewart,Pistons,USA,1,16,139,23.5,8.1,7.7,1.0,0.4,1.2,3277080,,2001-05-22,203,113.0,"Years=20,Months=12,Days=17",Forward
1629622,Max Strus,Heat,USA,2,-1,109,19.3,8.8,2.2,1.1,0.4,0.2,1669178,2022-05-04,1996-03-28,195,97.0,"Years=26,Months=2,Days=11",Guard
1630591,Jalen Suggs,Magic,USA,0,5,48,27.2,11.8,3.6,4.4,1.2,0.4,6593040,,2001-06-03,195,92.0,"Years=20,Months=12,Days=5",Guard
1630256,Jae'Sean Tate,Rockets,USA,1,-1,148,27.7,11.6,5.4,2.7,1.1,0.5,1517981,,1995-10-28,193,104.0,"Years=26,Months=7,Days=13",Forward
1628369,Jayson Tatum,Celtics,USA,4,3,365,33.4,20.9,6.6,3.0,1.1,0.7,28103550,2022-05-03,1998-03-03,203,95.0,"Years=24,Months=3,Days=8",Forward
1630678,Terry Taylor,Pacers,USA,0,-1,33,21.6,9.6,5.2,1.2,0.4,0.2,21270,,1999-09-23,195,104.0,"Years=22,Months=8,Days=16",Forward
202066,Garrett Temple,Pelicans,USA,11,-1,691,21.4,6.4,2.3,1.7,0.8,0.3,4910000,,1986-05-08,195,88.0,"Years=36,Months=1,Days=4",Guard
1630179,Tyrell Terry,Grizzlies,USA,1,31,13,4.6,1.0,0.5,0.5,0.4,0.0,1517981,2022-05-03,2000-09-28,187,72.0,"Years=21,Months=8,Days=10",Guard
1628464,Daniel Theis,Celtics,Germany,4,-1,306,19.6,7.6,4.9,1.3,0.5,0.9,8372093,2022-05-03,1992-04-04,205,111.0,"Years=30,Months=2,Days=5",Forward
1630560,Cam Thomas,Nets,Japan,0,27,67,17.6,8.5,2.4,1.2,0.5,0.1,2036280,,2001-10-13,190,95.0,"Years=20,Months=7,Days=26",Guard
202738,Isaiah Thomas,Hornets,USA,10,60,550,28.3,17.7,2.4,4.8,0.9,0.1,276039,,1989-02-07,175,83.0,"Years=33,Months=4,Days=3",Guard
1629744,Matt Thomas,Bulls,USA,2,-1,126,9.7,4.0,1.2,0.5,0.2,0.0,1669178,,1994-08-04,190,86.0,"Years=27,Months=10,Days=6",Guard
202691,Klay Thompson,Warriors,USA,8,11,647,32.9,19.5,3.5,2.3,0.9,0.5,37980720,2022-05-03,1990-02-08,198,99.0,"Years=32,Months=4,Days=2",Guard
202684,Tristan Thompson,Bulls,Canada,10,4,730,26.8,9.0,8.4,1.0,0.5,0.7,10720900,,1991-03-13,205,115.0,"Years=31,Months=2,Days=28",Center
1630550,JT Thor,Hornets,USA,0,37,33,7.9,2.0,1.3,0.6,0.2,0.3,1250000,,2002-08-26,205,92.0,"Years=19,Months=9,Days=12",Forward
1629680,Matisse Thybulle,76ers,USA,2,20,196,21.8,4.8,1.9,1.1,1.6,1.0,2840160,2022-05-04,1997-03-04,195,91.0,"Years=25,Months=3,Days=7",Guard
1629681,Killian Tillie,Grizzlies,France,1,-1,54,11.9,3.2,1.6,0.6,0.5,0.4,2000000,2022-05-03,1998-03-05,205,99.0,"Years=24,Months=3,Days=6",Forward
1630225,Isaiah Todd,Wizards,USA,0,31,12,6.2,1.7,1.0,0.3,0.3,0.2,1500000,,2001-10-17,205,99.0,"Years=20,Months=7,Days=22",Forward
1630167,Obi Toppin,Knicks,USA,1,8,134,14.3,6.7,3.0,0.8,0.3,0.4,5105160,,1998-03-04,205,99.0,"Years=24,Months=3,Days=7",Forward
1629308,Juan Toscano-Anderson,Warriors,USA,2,-1,139,17.1,4.8,3.3,2.2,0.7,0.3,1701593,2022-05-03,1993-04-10,198,94.0,"Years=29,Months=1,Days=30",Forward
1626157,Karl-Anthony Towns,Timberwolves,USA,6,1,482,34.2,23.2,11.3,3.1,0.8,1.4,31610000,,1995-11-15,210,112.0,"Years=26,Months=6,Days=25",Center
1629018,Gary Trent Jr.,Raptors,USA,3,37,204,27.9,13.5,2.2,1.4,1.1,0.2,16000000,,1999-01-18,195,94.0,"Years=23,Months=4,Days=21",Guard
200782,P.J. Tucker,Heat,USA,10,35,777,29.0,7.1,5.6,1.5,1.1,0.3,7000000,2022-05-04,1985-05-05,195,111.0,"Years=37,Months=1,Days=7",Forward
1629730,Rayjon Tucker,Bucks,USA,2,-1,39,7.7,3.0,1.0,0.5,0.2,0.0,28779,2022-05-03,1997-09-24,190,94.0,"Years=24,Months=8,Days=15",Guard
1626167,Myles Turner,Pacers,USA,6,11,431,28.7,12.7,6.7,1.2,0.7,2.3,18000000,,1996-03-24,210,113.0,"Years=26,Months=2,Days=15",Center
202685,Jonas Valanciunas,Pelicans,Lithuania,9,5,695,26.1,13.4,9.5,1.2,0.4,1.0,14000000,,1992-05-06,210,120.0,"Years=30,Months=1,Days=4",Center
1627832,Fred VanVleet,Raptors,USA,5,-1,348,28.3,13.7,3.2,4.9,1.3,0.4,19675926,,1994-02-25,185,89.0,"Years=28,Months=3,Days=15",Guard
1629020,Jarred Vanderbilt,Timberwolves,USA,3,41,166,18.9,5.4,6.2,1.1,1.0,0.6,4259259,,1999-04-03,205,97.0,"Years=23,Months=2,Days=5",Forward
1630170,Devin Vassell,Spurs,USA,1,11,133,22.5,9.1,3.6,1.4,0.9,0.4,4235160,,2000-08-23,195,90.0,"Years=21,Months=9,Days=15",Guard
1629216,Gabe Vincent,Heat,USA,2,-1,127,18.3,6.7,1.5,2.2,0.7,0.1,1669178,2022-05-04,1996-06-14,190,90.0,"Years=25,Months=11,Days=25",Guard
202696,Nikola Vucevic,Bulls,Montenegro,10,16,741,30.9,16.9,10.4,2.7,0.9,0.9,24000000,,1990-10-24,208,117.0,"Years=31,Months=7,Days=18",Center
1629731,Dean Wade,Cavaliers,USA,2,-1,126,18.0,5.3,3.0,1.0,0.5,0.3,1782621,,1996-11-20,205,103.0,"Years=25,Months=6,Days=19",Forward
1630532,Franz Wagner,Magic,Germany,0,8,79,30.7,15.2,4.5,2.9,0.9,0.4,5007840,,2001-08-27,208,99.0,"Years=20,Months=9,Days=11",Forward
1629021,Moritz Wagner,Magic,Germany,3,25,196,15.1,7.5,3.5,1.1,0.4,0.3,1729217,,1997-04-26,210,111.0,"Years=25,Months=1,Days=13",Forward
1630688,Ish Wainright,Suns,USA,0,-1,45,8.0,2.4,1.2,0.3,0.4,0.1,8558,2022-05-04,1994-09-12,195,113.0,"Years=27,Months=8,Days=28",Forward
202689,Kemba Walker,Knicks,USA,10,9,741,33.3,19.5,3.8,5.3,1.2,0.4,34967442,,1990-05-08,182,83.0,"Years=32,Months=1,Days=3",Guard
1629022,Lonnie Walker IV,Spurs,USA,3,18,208,20.4,9.4,2.4,1.6,0.5,0.2,4447896,,1998-12-14,193,92.0,"Years=23,Months=5,Days=26",Guard
202322,John Wall,Rockets,USA,10,1,613,35.6,19.1,4.3,9.1,1.7,0.7,44310840,,1990-09-06,190,95.0,"Years=31,Months=9,Days=4",Guard
203933,T.J. Warren,Pacers,USA,7,14,332,28.8,15.5,4.1,1.2,1.0,0.5,12690000,,1993-09-05,203,99.0,"Years=28,Months=9,Days=4",Forward
1629023,P.J. Washington,Hornets,USA,2,12,187,29.3,11.8,5.7,2.3,0.9,1.0,4215120,,1998-08-23,200,104.0,"Years=23,Months=9,Days=16",Forward
1630613,Duane Washington Jr.,Pacers,Germany,0,-1,48,20.2,9.9,1.7,1.8,0.5,0.1,21270,,2000-03-24,190,89.0,"Years=22,Months=2,Days=14",Guard
1629139,Yuta Watanabe,Raptors,Japan,3,-1,121,12.0,3.8,2.5,0.6,0.4,0.3,1762769,,1994-10-13,205,97.0,"Years=27,Months=7,Days=28",Guard
1630570,Trendon Watford,Trail Blazers,USA,0,-1,48,18.1,7.6,4.1,1.7,0.5,0.6,260561,,2000-11-09,203,107.0,"Years=21,Months=6,Days=29",Forward
201566,Russell Westbrook,Lakers,USA,13,4,1021,34.7,22.8,7.4,8.4,1.7,0.3,44211146,,1988-11-12,190,90.0,"Years=33,Months=6,Days=29",Guard
1629632,Coby White,Bulls,USA,2,7,195,28.2,13.7,3.6,3.5,0.6,0.2,5837760,,2000-02-16,193,88.0,"Years=22,Months=3,Days=23",Guard
1628401,Derrick White,Celtics,USA,4,29,263,25.9,11.5,3.3,3.8,0.8,0.8,15178571,2022-05-03,1994-07-02,193,86.0,"Years=27,Months=11,Days=8",Guard
202355,Hassan Whiteside,Jazz,USA,9,33,511,24.7,12.6,10.8,0.6,0.5,2.2,2401537,,1989-06-13,213,120.0,"Years=32,Months=11,Days=28",Center
1630580,Joe Wieskamp,Spurs,USA,0,41,29,7.1,2.1,0.5,0.3,0.1,0.1,202068,,1999-08-23,198,92.0,"Years=22,Months=9,Days=16",Guard
1630598,Aaron Wiggins,Thunder,USA,0,55,50,24.2,8.3,3.6,1.4,0.6,0.2,1000000,,1999-01-02,193,86.0,"Years=23,Months=5,Days=7",Guard
203952,Andrew Wiggins,Warriors,Canada,7,1,598,35.0,19.3,4.4,2.3,1.0,0.7,31579390,2022-05-03,1995-02-23,200,89.0,"Years=27,Months=3,Days=17",Forward
1629684,Grant Williams,Celtics,USA,2,22,209,19.4,5.4,3.0,1.0,0.5,0.6,2617800,2022-05-03,1998-11-30,198,107.0,"Years=23,Months=6,Days=9",Forward
1629026,Kenrich Williams,Thunder,USA,3,-1,200,22.0,6.5,4.5,2.0,0.9,0.3,2000000,,1994-12-02,198,95.0,"Years=27,Months=6,Days=8",Guard
101150,Lou Williams,Hawks,USA,16,45,1123,24.1,13.9,2.2,3.4,0.8,0.2,5000000,,1986-10-27,187,79.0,"Years=35,Months=7,Days=16",Guard
1630172,Patrick Williams,Bulls,USA,1,4,88,27.3,9.2,4.5,1.3,0.8,0.6,7422000,,2001-08-26,200,97.0,"Years=20,Months=9,Days=12",Forward
1630533,Ziaire Williams,Grizzlies,USA,0,10,62,21.7,8.1,2.1,1.0,0.6,0.2,4373160,2022-05-03,2001-09-12,205,83.0,"Years=20,Months=8,Days=26",Forward
1629627,Zion Williamson,Pelicans,USA,2,1,85,31.7,25.7,7.0,3.2,0.9,0.6,10733400,,2000-07-06,198,128.0,"Years=21,Months=11,Days=2",Forward
1629685,Dylan Windler,Cavaliers,USA,1,26,81,12.0,3.3,2.4,0.8,0.4,0.2,2239200,,1996-09-22,198,88.0,"Years=25,Months=8,Days=17",Guard
1626159,Justise Winslow,Trail Blazers,USA,6,10,315,25.8,8.4,5.1,2.5,0.9,0.4,3902439,,1996-03-26,198,100.0,"Years=26,Months=2,Days=13",Forward
1630164,James Wiseman,Warriors,USA,1,2,39,21.4,11.5,5.8,0.7,0.3,0.9,9166800,2022-05-03,2001-03-31,213,108.0,"Years=21,Months=2,Days=7",Center
1626174,Christian Wood,Rockets,USA,5,-1,222,23.6,14.2,7.3,1.3,0.6,0.9,13666667,,1995-09-27,205,97.0,"Years=26,Months=8,Days=13",Forward
1630218,Robert Woodard II,Spurs,USA,1,40,25,3.5,1.1,1.1,0.2,0.0,0.2,1517981,,1999-09-22,198,106.0,"Years=22,Months=8,Days=17",Forward
1626153,Delon Wright,Hawks,USA,6,20,411,20.9,7.2,3.2,3.0,1.2,0.4,8526316,,1992-04-26,195,83.0,"Years=30,Months=1,Days=14",Guard
201152,Thaddeus Young,Raptors,USA,14,12,1085,29.3,12.8,5.8,1.8,1.4,0.4,14190000,,1988-06-21,203,106.0,"Years=33,Months=11,Days=20",Forward
1629027,Trae Young,Hawks,USA,3,5,280,33.6,25.3,3.9,9.1,0.9,0.2,8326471,,1998-09-19,185,74.0,"Years=23,Months=8,Days=20",Guard
1630209,Omer Yurtseven,Heat,Turkey,0,-1,56,12.6,5.3,5.3,0.9,0.3,0.4,1489065,2022-05-04,1998-06-19,210,124.0,"Years=23,Months=11,Days=20",Center
1627826,Ivica Zubac,Clippers,Croatia,5,32,360,19.0,8.3,6.5,1.1,0.3,0.8,7518518,,1997-03-18,213,108.0,"Years=25,Months=2,Days=21",Center
